Date,Instagram_Minutes,YouTube_Minutes,WhatsApp_Minutes,LinkedIn_Minutes,Reels_Watched,Videos_Watched,Messages_Sent,Posts_Liked,Study_Minutes
2026-08-22,137,183,125,17,158,38,191,99,161
2026-08-23,104,269,174,8,105,109,364,30,89
2026-08-24,122,157,149,69,162,51,338,33,142
2026-08-25,104,51,36,38,119,16,97,72,113
2026-08-26,166,31,114,35,192,4,397,88,108
2026-08-27,83,45,111,29,111,16,266,39,261
2026-08-28,108,189,121,49,113,73,395,69,64
2026-08-29,163,108,128,10,218,39,241,126,115
2026-08-30,94,170,95,18,58,33,280,13,115
2026-08-31,171,124,21,42,212,45,39,130,281
2026-09-01,171,152,119,50,196,43,345,39,175
2026-09-02,95,113,178,58,112,22,589,50,101
2026-09-03,27,131,15,34,23,19,25,8,79
2026-09-04,165,133,100,41,194,29,306,96,178
2026-09-05,216,263,101,14,173,73,231,68,31
2026-09-06,117,121,134,30,155,33,262,38,72
2026-09-07,88,192,110,23,111,30,250,44,157
2026-09-08,47,53,71,42,56,11,168,13,61
2026-09-09,158,51,12,73,162,12,23,95,98
2026-09-10,122,82,129,52,163,23,210,50,329
2026-09-11,60,36,79,1,44,14,256,20,154
2026-09-12,104,196,21,18,99,40,64,63,130
2026-09-13,79,256,11,4,108,103,38,74,76
2026-09-14,118,74,56,75,107,11,123,55,115
2026-09-15,86,175,159,22,80,43,354,41,233
2026-09-16,35,192,58,4,43,48,99,17,234
2026-09-17,38,173,34,48,42,28,81,22,98
2026-09-18,145,159,34,45,104,70,62,72,259
2026-09-19,201,287,46,0,122,102,160,70,176
2026-09-20,168,260,54,18,123,112,120,40,149
